ID,Published_Grey,if_grey_Published,Author,YearPublication,Language,Title,Journal_Unpub,Volume_Pages,GoogleScholar,CAPES,Extra,is_seabird,MicroPlastic,YearSampleStart,YearSampleEnd,MonthsSampled,Lat,Long,BrazilianRegion1,BrazilianRegion2,BrazilianState1,BrazilianState2,BrazilianState3,MainSampledEnvironment,BrazilianBiome,MainBirdGroup,StudyAim,BirdCondition,SampleSize,NumOrders,NumFamilies,NumSpecies,Interaction,IngestionTechnique,CategorizationDebris,DataAnalysis,Model,O,FO,N,FN,M,S,V,Col,Pol,Men,Obs
1,published,NA,Azevedo & Schiefler,1991,en,Notes on the diet and ingestion of plastic material by the Magellanic Penguin Spheniscus magellanicus on Santa Catarina Island and mainland (Brazil),"Research Report, University of Liege, Institution of Zoologie, Belgium",NA,0,0,1,yes,0,1987,1988,2,-27.6,-48.43,south,NA,SC,NA,NA,sea,coastalMarine,coastal,stomachContent_diet,dead,67,1,1,1,ingestion,stomachContent,0,FO_N_M,0,0,1,1,0,1,0,0,0,0,0,Latitude and longitude placed in the midle of the offshore coast of Florianopolis Island.
2,published,NA,Argel de Oliveira,1992,pt,"O ninhal do Parque Estadual das Fontes do Ipiranga, Sao Paulo (estado de Sao Paulo, Brasil)",Boletim do Centro de Estudos Ornitologicos,8:16-21,0,0,1,no,0,1990,NA,1,-23.64,-46.61,southeast,NA,SP,NA,NA,freshwater,AtlanticForest,continental,breeding,dead,NA,2,2,3,entanglement,NA,0,Men,0,0,0,0,0,0,0,0,0,0,1,
3,published,NA,Sick,1997,pt,Ornitologia Brasileira,Book,NA,0,0,1,yes,0,NA,NA,NA,NA,NA,south,southeast,RS,RJ,NA,sea,coastalMarine,oceanic,occasionalReport,dead,NA,NA,NA,NA,ingestion,stomachContent,NA,Men,0,0,0,0,0,0,0,0,0,0,1,"The author only mention plastic interaction specifically for ‘Puffinus puffinus’ (p. 179), but he also report –on this same page-- other procellariiform species that were affected by plastics. However, as he does not name specifically those species (with positive plastic interaction), we did not include them on the ‘taxonomic’ account -- only ‘Puffinus puffinus’ and its higher-level taxonomic ranks (on both ‘_analysed’ and ‘_with_plastic’). The author also does not specify a place from the mentioned States where the samples were obtained; therefore we did not include it on the map.  *Check: Costalunga & Chiarardia 1988 Congres Bras Zoo."
4,published,NA,Schulz-Neto,1998,pt,"Aspectos biologicos da avifauna marinha na Reserva Biologica do Atol das Rocas, Rio Grande do Norte, Brasil",El Hornero,15:17-28,0,0,1,yes,0,1991,1994,6,-3.86,-33.81,northeast,NA,RN,NA,NA,sea,coastalMarine,oceanic,breeding,alive,NA,2,2,5,nest,NA,NA,Men,0,0,0,0,0,0,0,0,0,0,1,0
5,published,NA,Fonseca et al.,2001,pt,Ocorrencia de Petrel-azul (Halobaena caerulea) no litoral do Brasil,Ornitologia Neotropical,12:355-356,0,0,1,yes,0,1999,NA,NA,-31.33,-51,south,NA,RS,NA,NA,sea,coastalMarine,oceanic,occasionalReport,dead,1,1,1,1,ingestion,stomachContent,0,S_Men,0,0,0,1,0,0,1,0,0,0,1,"Latitude and longitude based on the description of ‘9 km south from Mostardas Lighthouse, Rio Grande do Sul State’ given by the authors."
6,published,NA,Petry et al.,2001,en,"Food habits of the, Royal Albatross, Diomedea epomophora (Lesson, 1825), at the seacoast of Brazil",Acta Biologica Leopoldensia,23:207-212,0,0,1,yes,0,1997,1998,13,-30.76,-50.52,south,NA,RS,NA,NA,sea,coastalMarine,oceanic,stomachContent_diet,dead,2,1,1,1,ingestion,stomachContent,0,Men,0,0,0,0,0,0,0,0,0,0,1,
7,published,NA,Olmos & Silva e Silva,2002,en,Breeding biology of the Little Blue Heron (Egretta caerulea) in southeastern Brazil,Ornitologia Neotropical,13:17-30,0,0,1,no,0,1994,1997,20,-23.88,-46.38,southeast,NA,SP,NA,NA,mangrove,AtlanticForest,continental,breeding,alive,NA,1,1,1,nest,NA,NA,Men,0,0,0,0,0,0,0,0,0,0,1,"The authors mention the use of the ‘pink vinyl tape’ (used for marking the Little Blue Heron nests) as a nest material by another species on the same colony, the Scarlet Ibises (Eudocimus ruber). As the paper is about the Little Blue Herons, here on the index sheet we accounted for just one species, although in both “_analysed” and “_with_plastic” sheets we included the Scarlet Ibis as well."
8,published,NA,Petry & Fonseca,2002,en,"Effects of human activities in the marine environment on seabirds along the coast of Rio Grande do Sul, Brazil",Ornitologia Neotropical,13:137-142,1,NA,NA,yes,0,1997,1998,13,-30.76,-50.52,south,NA,RS,NA,NA,sea,coastalMarine,oceanic,humanInteractions,dead,581,2,3,16,ingestion,stomachContent,0,FO,0,0,1,0,0,0,0,0,0,0,0,"We did not consider 'Thalassarche chrysostoma' an analyzed species, as it was latter reidentified as 'Thalassarche chlororhynchos' (L. Bugoni, pers. comm.). The authors mention types of anthropogenic material found. SampleSize is based on the stomach contents analyzed. Note that n=2 ‘Diomedea epomophora’ are the same reported herein under “ID 6” (Petry et al 2001)."
9,published,NA,Branco,2003,pt,"Reproducao de Sterna hirundinacea Lesson e S. eurygnatha Saunders (Aves, Laridae), no litoral de Santa Catarina, Brasil",Revista Brasileira de Zoologia,20:655-659,0,0,1,yes,0,1999,2002,28,-27.27,-48.46,south,NA,SC,NA,NA,sea,coastalMarine,coastal,breeding,dead,NA,1,1,2,entanglement,NA,0,Men,0,0,0,0,0,0,0,0,0,0,1,Latitude and longitude from the bay between Governador Celso Ramos-Bombinhas-REBIO Arvoredo-Canasvieiras.
10,published,NA,Both & Freitas,2004,pt,Aves marinhas do Arquipelago de Sao Pedro e Sao Paulo,Book chapter – in Branco (org.),"Chapter 9, p. 193-212",0,0,1,yes,0,1999,2000,6,0.9,-29.34,northeast,NA,PE,NA,NA,sea,coastalMarine,oceanic,breeding,alive,NA,2,2,3,nest,NA,0,Men,0,0,0,0,0,0,0,0,0,0,1,
11,published,NA,Bugoni & Vooren,2004,en,Feeding ecology of the Common Tern Sterna hirundo in a wintering area in southern Brazil,Ibis,146:438-453,1,NA,NA,yes,0,1999,2000,12,-32.13,-52.08,south,NA,RS,NA,NA,sea,coastalMarine,coastal,stomachContent_diet,alive,714,1,1,1,ingestion,pellet,0,FO,0,0,1,0,0,0,0,0,0,0,0,
12,published,NA,Carlos et al.,2004,en,Notes on the Northern Royal Albatross Diomedea sanfordi in south Brazil,Ararajuba,12:166-167,0,0,1,yes,1,1999,NA,NA,-33.76,-50.9,south,NA,RS,NA,NA,sea,coastalMarine,oceanic,occasionalReport,dead,1,1,1,1,ingestion,stomachContent,1,N_S,0,0,0,1,0,0,1,0,0,0,0,
13,published,NA,Coelho et al.,2004,pt,"O Atoba-marrom (Sula leucogaster) na ilha de Cabo Frio, Arraial do Cabo, Rio de Janeiro, Brasil",Book chapter – in Branco (org.),"Chapter 11, p. 233-254",0,0,1,yes,0,1984,1990,28,-29.98,-41.98,southeast,NA,RJ,NA,NA,sea,coastalMarine,coastal,breeding_diet,alive,"123, 101",1,1,1,nest,NA,NA,Men,0,0,0,0,0,0,0,0,0,0,1,"SampleSize = number of nests, number of stomach contents. No plastic reported for the stomach contents."
14,published,NA,Krul,2004,pt,Aves marinhas costeiras do Parana,Book chapter – in Branco (org.),"Chapter 2, p. 37-56",0,0,1,yes,0,1995,1999,33,-25.62,-48.38,south,NA,PR,NA,NA,sea,coastalMarine,coastal,breeding_diet,alive,"NA, 79",2,4,4,nest,NA,NA,Men,0,0,0,0,0,0,0,0,0,0,1,"SampleSize = number of nests (NA), total number of stomach contents. No plastic reported for the stomach contents."
15,published,NA,Lima et al.,2004,en,"Occurrence and mortality of seabirds along the northern coast of Bahia, and the identification key of the Procellariiformes order and the Stercorariidae family",Atualidades Ornitologicas,121:1-63.,1,NA,NA,yes,0,1994,1999,120,-12.1,-37.69,northeast,NA,BA,NA,NA,sea,coastalMarine,coastal_oceanic,occasionalReport,dead,100,NA,NA,NA,ingestion,stomachContent,0,FO,0,0,1,0,0,0,0,0,0,0,0,"Data based on the information provided in the Abstract, because in the main text it is not specified which species were analysed, how many birds per species, and if there was some categorization of the plastics. Accordingly, we did not compute the ‘taxonomy’ information (for neither “_analysed” and “_with_plastics”)."
16,published,NA,Petry et al.,2004,pt,Registros de Pinguins-de-Magalhaes (Spheniscus magellanicus) mortos no Rio Grande so Sul,Acta Biologica Leopoldensia,26:139-144,1,NA,NA,yes,0,1997,1998,12,-30.76,-50.52,south,NA,RS,NA,NA,sea,coastalMarine,coastal,humanInteractions,dead,144,1,1,1,ingestion,stomachContent,1,FO_N,0,0,1,1,0,0,0,0,0,0,0,"SampleSize = number of stomach contents analysed. The authors report some possible ‘entanglements’, but without much information related is not reliable assume that it was not fishermen on the coast that made it post-mortem (a common practice in the region for getting sandworms used as bait)."
17,published,NA,Bugoni,2006,en,Great-winged Petrel Pterodroma macroptera in Brazil,Bulletin of the British Ornithologists' Club,126:52-54,1,NA,NA,yes,0,2004,NA,NA,-33.15,-52.65,south,NA,RS,NA,NA,sea,coastalMarine,oceanic,occasionalReport,dead,1,1,1,1,ingestion,stomachContent,1,N,0,0,0,1,0,0,0,0,0,0,0,
18,published,NA,Naves & Vooren,2006,en,Diet of Black Skimmers in southern Brazil,Waterbirds,29:335-344,0,0,1,no,0,1997,1998,12,-32.13,-52.08,south,NA,RS,NA,NA,estuary_sea,coastalMarine,coastal_oceanic,stomachContent_diet,alive,489,1,1,1,ingestion,pellet_faeces,0,FO,0,0,1,0,0,0,0,0,0,0,0,SampleSize = total number of pellets plus faeces samples.
19,published,NA,Colabuono & Vooren,2007,en,Diet of Black-browed Thalassarche melanophrys and Atlantic Yellow-nosed T. chlororhynchos albatrosses and White-chinned Procellaria aequinoctialis and Spectacled P. conspicillata petrels off souther Brazil,Marine Ornithology,35:9-20,1,NA,NA,yes,0,1994,2004,120,-32.49,-50.99,south,NA,RS,NA,NA,sea,coastalMarine,oceanic,stomachContent_diet,dead,126,1,2,4,ingestion,stomachContent,1,FO_N,0,0,1,1,0,0,0,0,0,0,0,
20,published,NA,Petry et al.,2007,en,"Analysis of stomach contents from the Black-browed Albatross, Thalassarche melanophris, on the coast of Rio Grande do Sul, southern Brazil",Polar Biology,30:321-325,1,NA,NA,yes,0,1997,1998,13,-30.76,-50.52,south,NA,RS,NA,NA,sea,coastalMarine,oceanic,stomachContent_diet,dead,35,1,1,1,ingestion,stomachContent,1,FO_N,0,0,1,1,0,0,0,0,0,0,0,
21,published,NA,Pinto et al.,2007,en,Stomach contents of the Magellanic Penguin Spheniscus magellanicus from the northern distribution limit on the Atlantic coast of Brazil,Marine Ornithology,35:77-78,1,NA,NA,yes,0,2000,NA,1,-23,-41.83,southeast,NA,RJ,NA,NA,sea,coastalMarine,coastal,stomachContent_diet,dead,40,1,1,1,ingestion,stomachContent,1,FO_N,0,0,1,1,0,0,0,0,0,0,0,
22,published,NA,Petry et al.,2008,en,"Shearwater diet during migration along the coast of Rio Grande do Sul, Brazil",Marine Biology,154:613-621,1,NA,NA,yes,0,1997,1998,13,-30.76,-50.52,south,NA,RS,NA,NA,sea,coastalMarine,oceanic,stomachContent_diet,dead,163,1,1,3,ingestion,stomachContent,1,FO,0,0,1,0,0,0,0,0,0,0,0,
23,published,NA,Barbieri,2009,en,"Occurrence of plastic particles in Procellariiformes, south of Sao Paulo State (Brazil)",Brazilian Archives of Biology and Technology,52:341-348,1,NA,NA,yes,0,2000,2002,24,-24.85,-47.7,southeast,NA,SP,NA,NA,sea,coastalMarine,oceanic,plasticInteraction,dead,110,1,2,10,ingestion,stomachContent,1,FO_N_S_Col,0,0,1,1,0,0,1,0,1,0,0,"The author presented the DataAnalysis (N, Col, S), based on the 'total amount' for the 10 species---not separated by species."
24,published,NA,Barbosa-Filho & Vooren,2009,pt,Monitoramento da avifauna,Book chapter – in Viana et al. (orgs.),p. 261-268,0,0,1,yes,0,1998,2004,19,0.9,-29.34,northeast,NA,PE,NA,NA,sea,coastalMarine,oceanic,breeding,alive,NA,2,2,3,nest,NA,0,Men,0,0,0,0,0,0,0,0,0,0,1,
25,published,NA,Colabuono et al.,2009,en,Plastic ingestion by Procellariiformes in southern Brazil,Marine Pollution Bulletin,58:93-96,1,NA,NA,yes,0,1994,2005,144,-31.34,-51.02,south,NA,RS,SC,NA,sea,coastalMarine,oceanic,plasticInteraction,dead,193,1,2,8,ingestion,stomachContent,1,FO_FN,0,0,1,0,1,0,0,0,0,0,0,"Latitude and Longitude placed besides the PARNA Lagoa do Peixe, as a mid-point between 29° and 33°S  mentioned by the authors; as they did not mention locations of the bycatch specimens we just considered the coastline. The authors presented the DataAnalysis per cavities of the gastrointestinal tract."
26,published,NA,Luigi et al.,2009,pt,"Biologia e conservacao do Petrel-de-Trindade Pterodroma arminjoniana (Aves: Procellariidae) na Ilha da Trindade, Atlantico sul, Brasil",Book chapter – in Mohr et al. (orgs.),"Chapter 9, p. 223-264",0,0,1,yes,0,1987,2006,31,-20.5,-29.32,southeast,NA,ES,NA,NA,sea,coastalMarine,oceanic,naturalHistory,alive_dead,99,1,1,1,ingestion,stomachContent,0,FO_Men,0,0,1,0,0,0,0,0,0,0,1,"SampleSize = number of stomach contents analysed. Altough authors mention ‘nylon of various colors’ and ‘plastic pieces of c. 2x1mm’ size, these information are incomplete, lacking tangible numbers, and therefore we considered it as a “Mention”. However, we did consider as if they had presented “FO”, because they give the raw numbers within the text (29 / 99 = 29.3%)."
27,published,NA,Petry et al.,2009,en,Diet and ingestion of synthetics by Cory’s Shearwater Calonectris diomedea off southern Brazil,Journal of Ornithology,150:601-606,1,NA,NA,yes,0,1997,1998,13,-30.76,-50.52,south,NA,RS,NA,NA,sea,coastalMarine,oceanic,stomachContent_diet,dead,185,1,1,1,ingestion,stomachContent,1,FO,0,0,1,0,0,0,0,0,0,0,0,
28,published,NA,Colabuono et al.,2010,en,Polychlorinated biphenyls and organochlorine pesticides in plastics ingested by seabirds,Marine Pollution Bulletin,60:630-634,1,NA,NA,yes,1,1991,2008,204,-31.34,-51.02,south,NA,RS,SC,NA,sea,coastalMarine,oceanic,humanInteractions,dead,94,1,2,8,ingestion,stomachContent,1,FO_FN_M_S,0,0,1,0,1,1,1,0,0,0,0,"Latitude and Longitude placed besides the PARNA Lagoa do Peixe, as a mid-point between 29° and 33°S  mentioned by the authors; as they did not mention locations of the bycatch specimens we just considered the coastline.  MonthsSampled = number of years*12. As authors mention the range from Size and Mass, we consider them as valuable information. Article based on the chapter 3 of F.I. Colabuono’ PhD thesis."
28a,extra_latlon_pub,NA,Colabuono et al.,2010,NA,Polychlorinated biphenyls and organochlorine pesticides in plastics ingested by seabirds,Marine Pollution Bulletin,60:630-634,NA,NA,NA,NA,NA,NA,NA,NA,-31.76,-48.5,NA,NA,NA,NA,NA,NA,NA,NA,NA,NA,NA,NA,NA,NA,NA,NA,NA,NA,NA,NA,NA,NA,NA,NA,NA,NA,NA,NA,NA,ID 28a is only used for mapping purposes. The paper information is in the line above (ID 28). 
29,published,NA,Petry et al.,2010,pt,"Notas sobre a ocorrencia e dieta de Macronectes giganteus (Procellariiformes: Procellariidae) no Rio Grande do Sul, Brasil",Revista Brasileira de Ornitologia,18:237-239,0,0,1,yes,0,1990,2009,31,-30.76,-50.52,south,NA,RS,NA,NA,sea,coastalMarine,oceanic,stomachContent_diet,dead,8,1,1,1,ingestion,stomachContent,1,FO_N,0,0,1,1,0,0,0,0,0,0,0,"MonthsSampled = 31, accounting for 31 beach surveys (authors did not mention the periodicity of surveys); SampleSize = just the dead birds necropsied. Altough the authors present the ‘maximum size’ of fragments, Size was not included in our criteria, as they do not present ‘range’ or some other measurent of variability."
30,published,NA,Tourinho et al.,2010,en,Is marine debris ingestion still a problem for the coastal marine biota of southern Brazil,Marine Pollution Bulletin,60:396-401,1,NA,NA,yes,0,1994,2007,154,-32.13,-52.08,south,NA,RS,NA,NA,sea,coastalMarine,coastal_oceanic,plasticInteraction,dead,35,3,5,13,ingestion,stomachContent,1,O_FO_N_Col,0,1,1,1,0,0,0,0,1,0,0,"Authors presented the DataAnalysis(Col), based on the total amount of itens per colour, and not separated by species. We have located their study area centroid in the mouth of the Lagoa dos Patos."
31,published,NA,Vega et al.,2010,en,"Levels of cadmium, mercury, and lead in Magellanic Penguins (Spheniscus magellanicus) stranded on the Brazilian coast",Archives of Environmental Contamination and Toxicology,58:460-468,0,1,NA,yes,0,2006,2007,5,-22.85,-41.98,southeast,south,RJ,RS,NA,sea,coastalMarine,coastal,humanInteractions,dead,35,1,1,1,ingestion,stomachContent,0,FO_S,0,0,1,0,0,0,1,0,0,0,0,"SampleSize = number of birds that had the stomach contents analysed, just from RJ State. We have placed Latitude and Longitude in RJ state based on Cabo Frio municipality, whereas in RS state we located in in front of Cidreira beach (ID 31a used for this purpose)."
31a,extra_latlon_pub,NA,Vega et al.,2010,NA,"Levels of cadmium, mercury, and lead in Magellanic Penguins (Spheniscus magellanicus) stranded on the Brazilian coast",Archives of Environmental Contamination and Toxicology,58:460-468,NA,NA,NA,NA,NA,NA,NA,NA,-30.17,-50.19,NA,NA,NA,NA,NA,NA,NA,NA,NA,NA,NA,NA,NA,NA,NA,NA,NA,NA,NA,NA,NA,NA,NA,NA,NA,NA,NA,NA,NA,ID 31a is only used for mapping purposes. The paper information is in the line above (ID 31). 
32,published,NA,Brandao et al.,2011,en,"Marine debris ingestion by Magellanic Penguins, Speniscus magellanicus (Aves: Sphenisciformes), from the Brazilian coastal zone",Marine Pollution Bulletin,62:2246-2249,1,NA,NA,yes,0,2008,2010,6,-22.75,-42.25,southeast,NA,RJ,NA,NA,sea,coastalMarine,coastal,plasticInteraction,dead,175,1,1,1,ingestion,stomachContent,1,FO,0,0,1,0,0,0,0,0,0,0,0,"MonthsSampled = 6, given 3 months per winter season."
33,published,NA,Scherer et al. ,2011,pt,"Ocorrencia de carcacas de aves marinhas no litoral do Rio Grande do Sul, Brasil",Revista Brasileira de Ornitologia,19:505-513,0,0,1,yes,0,1999,2010,40,-30.76,-50.52,south,NA,RS,NA,NA,sea,coastalMarine,coastal_oceanic,humanInteractions,dead,266,4,6,12,entanglement,NA,0,N,0,0,0,1,0,0,0,0,0,0,0,The authors provide in their Table 4 seabird taxa with external anthropogenic impact. We considered this information.
34,published,NA,Mariano & Targino,2012,pt,"Ingestao de plastico pelo Atoba-mascarado, Sula dactylatra Lesson, 1831, na Reserva Biologica do Atol das Rocas, RN, Brasil",Biotemas,25:285-288,1,NA,NA,yes,0,1999,2003,15,-3.86,-33.81,northeast,NA,RN,NA,NA,sea,coastalMarine,oceanic,plasticInteraction,alive,631,1,1,1,ingestion,stomachFlushing,1,FO_N,0,0,1,1,0,0,0,0,1,0,0,
35,published,NA,Silva-Costa & Bugoni,2013,en,Feeding ecology of Kelp Gulls (Larus dominicanus) in marine and limnetic environments,Aquatic Ecology,47:211-224,1,NA,NA,yes,0,2010,2011,6,-32.57,-52.5,south,NA,RS,NA,NA,freshwater_sea,coastalMarine,coastal,stomachContent_diet,alive,415,1,1,1,ingestion,pellet,0,O_FO,0,1,1,0,0,0,0,0,0,0,0,SampleSize = number of pellets analysed in total.
36,published,NA,Di Beneditto et al.,2015,en,Magellanic Penguins: stomach contents and isotopic profiles to assess the feeding demands of juveniles in a wintering area off Brazil,Journal of the Marine Biological Association of the United Kingdom,95:423-430,1,NA,NA,yes,0,2008,2008,4,-22.85,-41.98,southeast,NA,RJ,NA,NA,sea,coastalMarine,coastal,stomachContent_diet,dead,46,1,1,1,ingestion,stomachContent,1,FO,0,0,1,0,0,0,0,0,0,0,0,We have placed Latitude and Longitude in RJ state based on Cabo Frio municipality.
37,published,NA,Sazima & D'Angelo,2015,en,Handling and intake of plastic debris by Wood Storks at an urban site in south-eastern Brazil: possible causes and consequences,North-Western Journal of Zoology,11:372-374,1,NA,NA,no,0,2014,NA,2,-22.81,-47.08,southeast,NA,SP,NA,NA,freshwater,AtlanticForest,continental,plasticInteraction,alive,4,1,1,1,ingestion,observation,0,Men,0,0,0,0,0,0,0,0,0,0,1,SampleSize = number of birds observed.
38,published,NA,Sazima & D'Angelo,2015,en,Dangerous traps: Anhingas mistake anthropogenic debris for prey fish at an urban site in south-eastern Brazil,Revista Brasileira de Ornitologia,23:380-384,0,0,1,no,0,2010,2015,50,-22.81,-47.08,southeast,NA,SP,NA,NA,freshwater,AtlanticForest,continental,plasticInteraction,alive,21,1,1,1,entanglement,observation,0,Men,0,0,0,0,0,0,0,0,0,0,1,SampleSize = number of occurrences reported.
39,published,NA,Valls et al.,2015,en,New record on the occurrence of Northern Giant Petrel (Macronectes halli) and analysis of stomach contents in southern Brazil,Pan-American Journal of Aquatic Sciences,10:309-314,1,NA,NA,yes,0,2007,2014,84,-30.76,-50.52,south,NA,RS,NA,NA,sea,coastalMarine,oceanic,stomachContent_diet,dead,2,1,1,1,ingestion,stomachContent,0,N_Col,0,0,0,1,0,0,0,0,1,0,0,
40,published,NA,Petersen et al.,2016,en,"Incidence of plastic debris on Sooty Tern nests: a preliminary study on Trindade Island, a remote area of Brazil",Marine Pollution Bulletin,105:373-376,1,NA,NA,yes,0,2014,NA,3,-20.5,-29.32,southeast,NA,ES,NA,NA,sea,coastalMarine,oceanic,plasticInteraction,alive,1800,1,1,1,nest,NA,0,FO_N_M_V_Col,0,0,1,1,0,1,0,1,1,0,0,SampleSize = number of nests searched for plastic occurrence.
41,published,NA,Tavares et al.,2016,en,Nests of the Brown Booby (Sula leucogaster) as a potential indicator of tropical ocean pollution by marine debris,Ecological Indicators,70:10-14,1,NA,NA,yes,0,2016,NA,2,-22.85,-41.98,southeast,NA,RJ,NA,NA,sea,coastalMarine,coastal,plasticInteraction,alive,203,1,1,1,nest,NA,1,Model_FN_Col,1,0,0,0,1,0,0,0,1,0,0,
42,published,NA,Dias et al.,2017,en,"Plastic debris as the probable cause of death of a first-year Atlantic Yellow-nosed Albatross Thalassarche chlororhynchos stranded on the coast of Sergipe, northeast Brazil",Atualidades Ornitologicas,197:18-19,1,NA,NA,yes,0,2016,NA,NA,-10.79,-36.9,northeast,NA,SE,NA,NA,sea,coastalMarine,oceanic,plasticInteraction,dead,1,1,1,1,ingestion,stomachContent,1,N_M,0,0,0,1,0,1,0,0,0,0,0,
43,published,NA,Di Beneditto & Siciliano,2017,en,Marine debris boost in juvenile Magellanic Penguins stranded in south-eastern Brazil in less than a decade: insights into feeding habits and habitat use,Marine Pollution Bulletin,125:330-333,1,NA,NA,yes,0,2000,2008,3,-22.85,-41.98,southeast,NA,RJ,NA,NA,sea,coastalMarine,coastal,plasticInteraction,dead,86,1,1,1,ingestion,stomachContent,1,FO,0,0,1,0,0,0,0,0,0,0,0,
44,published,NA,Leal et al. ,2017,en,Feeding and foraging ecology of Trindade Petrels Pterodroma arminjoniana during the breeding period in the South Atlantic Ocean,Marine Biology,164:211,1,NA,NA,yes,0,2006,2015,6,-20.5,-29.32,southeast,NA,ES,NA,NA,sea,coastalMarine,oceanic,stomachContent_diet,alive,26,1,1,1,ingestion,pellet_stomachContent,1,FO_N,0,0,1,1,0,0,0,0,0,0,0,
45,published,NA,Petry & Benemann,2017,en,Ingestion of marine debris by the White-chinned Petrel (Procellaria aequinoctialis): is it increasing over time off south Brazil,Marine Pollution Bulletin,117:131-135,1,NA,NA,yes,0,1990,2014,106,-30.76,-50.52,south,NA,RS,NA,NA,sea,coastalMarine,oceanic,stomachContent_diet,dead,114,1,1,1,ingestion,stomachContent,1,Model_FO,1,0,1,0,0,0,0,0,0,0,0,"MonthsSampled = number of beach surveys reported, assuming 1 per month."
46,published,NA,Tavares et al.,2017,en,Incidence of marine debris in seabirds feeding at different water depths,Marine Pollution Bulletin,119:68-73,1,NA,NA,yes,1,2010,2013,36,-20.71,-40.55,southeast,NA,RJ,ES,NA,sea,coastalMarine,coastal_oceanic,stomachContent_diet,dead,623,4,7,22,ingestion,stomachContent,1,Model_FO,1,0,1,0,0,0,0,0,0,0,0,"Latitude and longitude placed on Guarapari municipality, as a mid-point in the study area."
47,published,NA,Marques et al.,2018,en,Trophic ecology of Magellanic Penguins (Spheniscus magellanicus) during the non-breeding period,"Estuarine, Coastal and Shelf Science",210:109-122,1,NA,NA,yes,0,2013,2015,12,-32.13,-52.08,south,NA,RS,NA,NA,sea,coastalMarine,coastal,stomachContent_diet,dead,41,1,1,1,ingestion,stomachContent,1,O_FO_N,0,1,1,1,0,0,0,0,0,0,0,"MonthsSampled = 12, counted as 3 months per season. SampleSize = number of non-empty stomachs as reported by the authors."
48,published,NA,Mariani et al.,2019,en,Causes of mortality of seabirds stranded at the northeastern coast of Brazil,Pesquisa Veterinaria Brasileira,39:523-529,1,NA,NA,yes,0,2012,2014,29,-10.98,-37.05,northeast,NA,BA,SE,AL,sea,coastalMarine,coastal_oceanic,occasionalReport,dead,163,NA,NA,NA,ingestion_entanglement,stomachContent,0,FO,0,0,1,0,0,0,0,0,0,0,0,"Latitude and Longitude placed on Aracaju municipality. SampleSize = number of necropsied birds. DataAnalysis = FO based on all records, not per species. NA applied to taxonomy because the authors did not mention the species necropsied. This article is based on D.B. Mariani (2019) Msc. Dissertation’."
49,published,NA,Perez et al.,2019,en,Diet of the Atlantic Petrel Pterodroma incerta during the non-breeding season,Marine Ornithology,47:43-47,1,NA,NA,yes,0,2004,2014,6,-29.97,-50.11,south,NA,RS,NA,NA,sea,coastalMarine,oceanic,stomachContent_diet,dead,61,1,1,1,ingestion,stomachContent,0,FO,0,0,1,0,0,0,0,0,0,0,0,"Latitude and Longitude placed on Imbe municipality. MonthsSampled = 6, counted as each month described, as the records were punctual. This article is part of  M.S. Perez (2016) MSc. Dissertation."
50,published,NA,Rossi et al.,2019,en,First record of debris ingestion by the shorebird American Oystercatcher (Haematopus palliatus) on the southern coast of Brazil,Marine Pollution Bulletin,138:235-240,1,NA,NA,no,1,2007,2015,96,-30.76,-50.52,south,NA,RS,NA,NA,sea,coastalMarine,coastal,stomachContent_diet,dead,24,1,1,1,ingestion,stomachContent,1,FO_N_M_S_Col,0,0,1,1,0,1,1,0,1,0,0,
51,published,NA,Silva et al.,2019,pt,"Composicao, ameacas e conservacao da avifauna em um estuario sob pressao antropica no nordeste brasileiro",Atualidades Ornitologicas,212:33-40,1,NA,NA,no,0,2013,2014,12,-8.05,-34.96,northeast,NA,PE,NA,NA,mangrove,AtlanticForest,continental_coastal,occasionalReport,alive,NA,3,4,7,other,NA,0,Men,0,0,0,0,0,0,0,0,0,0,1,"Authors describe fishing attempts from Common Terns (Sterna hirundo) and Ringed Kingfishers (Megaceryle torquata) on plastic bags. They also present pictures on their Fig. 3 on waterbirds feeding among huge amounts of rubish/plastics – in their Fig. 3, “F” they identified as ‘Bulbucus ibis’, whereas the correct identification is ‘Nyctanassa violacea’."
52,published,NA,Brentano et al.,2020,en,Incidence of anthropogenic material in Sula leucogaster nests in a distant archipelago of Brazil,Marine Pollution Bulletin,151:110815,1,NA,NA,yes,0,2015,2016,2,0.9,-29.34,northeast,NA,RN,NA,NA,sea,coastalMarine,oceanic,plasticInteraction,alive,296,1,1,1,nest,NA,1,FO_N_Col,0,0,1,1,0,0,0,0,1,0,0,SampleSize = number of nests searched for plastic occurrence.
53,published,NA,Paula et al.,2020,en,Host-parasite relationship in Magellanic Penguins (Spheniscus magellanicus) during their long northward journey to the Brazilian coast,Polar Biology,43:1261-1272,NA,NA,1,yes,0,2013,2014,6,-29.97,-50.11,south,NA,RS,NA,NA,sea,coastalMarine,coastal,naturalHistory,dead,63,1,1,1,ingestion,stomachContent,0,FO,0,0,1,0,0,0,0,0,0,0,0,
54,grey,no,"Schloemp, EL",1995,pt,"Estudo da dinamica de um ninhal de garças (Ardeidae) e biguas (Phalacrocoracidae) na Reserva do Instituto de Botanica, Sao Paulo-SP",Ph.D.,NA,NA,NA,NA,no,0,1991,NA,NA,-23.63,-46.62,southeast,NA,SP,NA,NA,freshwater,AtlanticForest,continental,breeding,alive,NA,2,2,3,nest,NA,0,Men,0,0,0,0,0,0,0,0,0,0,1,
55,grey,yes,"Colabuono, FI",2005,pt,Ecologia alimentar dos albatrozes Thalassarche melanophris e T. chlororhynchos e dos petreis Procellaria aequinoctialis e P. conspicillata a no sul do Brasil,M.Sc.,NA,1,NA,NA,yes,0,1994,2004,120,NA,NA,south,NA,RS,NA,NA,sea,coastalMarine,oceanic,stomachContent_diet,dead,126,1,2,4,ingestion,stomachContent,1,FO_N,0,0,1,1,0,0,0,0,0,0,0,Original study that is published in Colabuono & Vooren 2007 (Marine Ornithology) (ID 19).
56,grey,no,"Pelanda, AA",2007,pt,Impactos humanos sobre as aves associadas a ecossistemas marinhos na costa paranaense,B.Sc.,NA,1,,NA,yes,0,2006,2007,11,-25.59,-48.37,south,NA,PR,NA,NA,sea,coastalMarine,coastal_oceanic,humanInteractions,alive_dead,57,4,5,10,ingestion_entanglement,stomachContent,1,O_FO_Col,0,1,1,0,0,0,0,0,1,0,0,"SampleSize and the Taxonomy account refeers to the number of necropsied birds for stomach contents. The author reports a Magellanic Penguin entangled in a fishing net (including a photo), and mention other 'coastal birds' with nylon on their bodies, but without any other information (number, species, etc.). "
57,grey,yes,"Colabuono, FI",2011,pt,Poluentes organicos persistentes e ingestao de plasticos em albatrozes e petreis (Procellariiformes),Ph.D.,NA,1,,NA,yes,0,1991,2008,204,NA,NA,south,NA,RS,SC,NA,sea,coastalMarine,oceanic,plasticInteraction,dead,94,1,2,8,ingestion,stomachContent,1,FO_FN,0,0,1,0,0,0,0,0,0,0,0,MonthsSampled = number of years*12. Third chapter of the thesis was used to assign the data – it was also published in Colabuono et al. 2010 (Marine Pollution Bulletin) (ID 28).
58,grey,no,"Philippsen, M",2012,pt,Avaliacao do uso de um deposito sedimentar pela avifauna em um sistema estuarino-lagunar no sul do Brasil,B.Sc.,NA,NA,NA,1,no,0,2011,2012,6,-29.98,-50.15,south,NA,RS,NA,NA,estuary,coastalMarine,coastal,naturalHistory,alive,NA,NA,NA,NA,nest,NA,0,Men,0,0,0,0,0,0,0,0,0,0,1,Photograph showing a piece of hard plastic (blue) used to build an ‘Haematopus palliatus’ nest (Figure 6).
59,grey,no,"Perez, MS",2012,pt,"Analise do conteudo do trato digestorio de Puffinus puffinus (Brunnich, 1764) (Procellariiformes), no litoral norte e medio leste do Rio Grande do Sul, Brasil",B.Sc.,NA,1,,NA,yes,0,2009,2011,29,-29.97,-50.11,south,NA,RS,NA,NA,sea,coastalMarine,oceanic,stomachContent_diet,dead,52,1,1,1,ingestion,stomachContent,1,FO_N_Col,0,0,1,1,0,0,0,0,1,0,0,"MonthsSampled = 29, accounting for 29 beach surveys."
60,grey,no,"Geeverghese, C",2013,pt,Reabilitacao de pinguins de Magalhaes (Spheniscus magellanicus) naufragados nas praias do litoral do Brasil: uma revisao da literatura,B.Sc.,NA,NA,NA,1,yes,0,2013,NA,1,-32.02,-52.1,south,NA,RS,NA,NA,sea,coastalMarine,coastal,occasionalReport,alive,1,1,1,1,entanglement,NA,0,Men,0,0,0,0,0,0,0,0,0,0,1,"Altought this study is a literature review, on the last section the author provide two study cases from penguin rehabilitations. The second case reports a penguin with a tamper-evident band (bottle cap ring) entagled on the penguins’ neck and bill. Latitude and Longitude from ‘Centro de Recuperacao de Animais Marinhos’ (CRAM) in Rio Grande municipality."
61,grey,no,"Silva, PM",2013,pt,"Conteudo gastrointestinal do pinguim-de-Magalhaes (Spheniscus magellanicus) no litoral do Rio Grande do Sul, Brasil: analise dos itens alimentares e residuos polimericos",B.Sc.,NA,1,NA,NA,yes,0,2010,2012,36,-29.97,-50.11,south,NA,RS,NA,NA,sea,coastalMarine,coastal,stomachContent_diet,dead,73,1,1,1,ingestion,stomachContent,1,FO_N_M_Pol,0,0,1,1,0,1,0,0,0,1,0,
62,grey,no,"Miotto, ML",2015,pt,Aspectos alimentares da gaivota Larus dominicanus: variacao sazonal e influencia do defeso,M.Sc.,NA,NA,NA,1,yes,0,2011,2012,12,-25.6,-48.39,south,NA,PR,NA,NA,sea,coastalMarine,coastal,stomachContent_diet,alive,120,1,1,1,ingestion,pellet,1,O,0,1,0,0,0,0,0,0,0,0,0,
63,grey,no,"Noguchi, RG",2015,pt,"Reproducao de ardeideos em uma area periurbana no municipio de Cananeia, sul do estado de Sao Paulo",M.Sc.,NA,NA,NA,1,no,0,2013,2014,5,-25.01,-47.93,southeast,NA,SP,NA,NA,estuary,coastalMarine,continental,breeding,alive,NA,1,1,5,other,NA,0,Men,0,0,0,0,0,0,0,0,0,0,1,The author describes Little Blue Heron (Egretta caerulea) chicks ‘playing’ with rubbish “such as plastics” (p. 40).
64,grey,no,"Bezerra, AG",2016,pt,Residuos solidos ingeridos por tetrapodes marinhos encalhados no litoral norte de Santa Catarina – Brasil,B.Sc.,NA,NA,NA,1,yes,,2015,2016,12,-26.23,-48.5,south,NA,SC,NA,NA,sea,coastalMarine,coastal_oceanic,plasticInteraction,dead,175,5,11,21,ingestion,stomachContent,1,FO,0,0,1,0,0,0,0,0,0,0,0,
65,grey,no,"Fernandez, CN",2016,pt,"Ecologia alimentar de saracurucu, Aramides ypecaha, no bioma Pampa",B.Sc.,NA,NA,NA,1,no,0,1999,2016,213,-32.77,-52.65,south,NA,RS,NA,NA,freshwater,Pampas,continental,stomachContent_diet,dead,41,1,1,1,ingestion,stomachContent,0,O,0,1,0,0,0,0,0,0,0,0,0,"Latitude and Longitude placed between Mangueira and Mirim Lagoons, in the BR 471 highway, where most of the sample came from (n = 34)."
65a,extra_latlon_grey,no,"Fernandez, CN",2016,NA,"Ecologia alimentar de saracurucu, Aramides ypecaha, no bioma Pampa",B.Sc.,NA,NA,NA,NA,NA,NA,NA,NA,NA,-30.24,-54.85,NA,NA,NA,NA,NA,NA,NA,NA,NA,NA,NA,NA,NA,NA,NA,NA,NA,NA,NA,NA,NA,NA,NA,NA,NA,NA,NA,NA,NA,"ID 65a is only used for mapping purposes; the B.Sc. information is in the line above (ID 65). Latitude and Longitude located next to Rosario do Sul municipality, representing the ‘continental’ sample of this study (n = 7)."
66,grey,no,"Haubert, G",2016,pt,"Dieta e sobreposicao de nicho trofico entre duas especies simpatricas de albatrozes (Thalassarche spp.), no limite norte da Convergencia Subtropical, sul do Brasil",B.Sc.,NA,1,NA,NA,yes,0,2009,2014,56,-29.97,-50.11,south,NA,RS,NA,NA,sea,coastalMarine,oceanic,stomachContent_diet,dead,42,1,1,2,ingestion,stomachContent,1,FO_N,0,0,1,1,0,0,0,0,0,0,0,
67,grey,yes,"Mariani, DB",2016,pt,Causas de encalhes de aves marinhas no nordeste do Brasil,M.Sc.,NA,1,NA,NA,yes,0,2012,2014,27,NA,NA,northeast,NA,BA,SE,AL,sea,coastalMarine,oceanic,occasionalReport,dead,163,NA,NA,NA,ingestion_entanglement,stomachContent,0,FO,0,0,1,0,0,0,0,0,0,0,0,"Taxonomy assigned as NA because author just mention the number of carcasses that ingested plastic, but no other information. Published in Mariani et al. 2019 (Pesquisa Veterinaria Brasileira) (ID 48)."
68,grey,partial,"Perez, MS",2016,pt,"Conteudo gastrointestinal de petreis (Aves: Procellariiformes) no litoral do Rio Grande do Sul, Brasil: analise dos itens alimentares e residuos polimericos",M.Sc.,NA,1,NA,NA,yes,0,2009,2015,68,-29.97,-50.11,south,NA,RS,NA,NA,sea,coastalMarine,oceanic,plasticInteraction,dead,148,1,1,4,ingestion,stomachContent,1,FO_FN_Pol,0,0,1,0,1,0,0,0,0,1,0,"Atlantic Petrel (Pterodroma incerta) specimens were collected punctually, after the Hurricane Catarina, in March 2004. Atlantic Petrel results partially published in Perez et al. 2019 (Marine Ornithology) (ID 49)."
69,grey,no,"Cabral, RBG",2016,pt,"Biologia reprodutiva de Ardeidae em uma colonia no manguezal da Baia de Sepetiba, Rio de Janeiro",M.Sc.,NA,NA,NA,1,no,0,2014,2015,4,-22.9,-43.84,southeast,NA,RJ,NA,NA,mangrove,coastalMarine,continental,breeding,alive,NA,1,1,3,nest,NA,0,FO,0,0,1,0,0,0,0,0,0,0,0,"We assumed that the three analysed species used nylon to build their nests, as per the author’s statment (p.11)."
70,grey,no,"Grose, AV",2016,pt,"O guara Eudocimus ruber (Aves: Threskiornithidae) no estuario da Baia da Babitonga, litoral norte de Santa Catarina: repovoamento, distribuicao e biologia",Ph.D.,NA,NA,NA,1,no,0,2012,2014,36,-26.29,-48.78,south,NA,SC,NA,NA,estuary,coastalMarine,continental,breeding,alive,NA,1,1,1,ingestion_entanglement,observation,0,Men,0,0,0,0,0,0,0,0,0,0,1,
71,grey,no,"Wartchow, BS",2017,pt,Pesquisa de parasitoides gastrointestinais em aves marinhas e migratorias do litoral do Rio Grande do Sul,B.Sc.,NA,1,NA,NA,yes,0,2017,2017,3,-30.76,-50.52,south,NA,RS,NA,NA,sea,coastalMarine,coastal_oceanic,naturalHistory,dead,34,4,4,6,ingestion,stomachContent,1,O_Pol,0,1,0,0,0,0,0,0,0,1,0,
72,grey,no,"Winter, BE",2017,pt,"Ecologia reprodutiva e dieta de Egretta caerulea (Pelecaniformes: Ardeidae) no ninhal da Ilha Jarivatuba, Baia da Babitonga, Santa Catarina",M.Sc.,NA,NA,NA,1,no,0,2015,2016,7,-26.3,-48.79,south,NA,SC,NA,NA,estuary,coastalMarine,continental,breeding_diet,alive,19,1,1,1,ingestion,pellet,0,Men,0,0,0,0,0,0,0,0,0,0,1,"SampleSize = number of nests sampled; Interaction assumed to be ‘ingestion’ by us, as it is not clear in the original text."
73,grey,no,"Klug, JE",2017,pt,"Habito alimentar de Nyctanassa violacea (Linnaeus, 1758) (Pelecaniformes, Ardeidae), durante o periodo reprodutivo, na Ilha Jarivatuba, Baia Babitonga, SC",M.Sc.,NA,NA,NA,1,no,0,2015,2016,6,-26.3,-48.79,south,NA,SC,NA,NA,estuary,coastalMarine,continental,stomachContent_diet,alive,10,1,1,1,ingestion,pellet,0,Men,0,0,0,0,0,0,0,0,0,0,1,SampleSize = number of nests sampled.
74,grey,no,"Fink, D",2018,pt,"Aspectos reprodutivos, alimentares e zoonoticos do guara (Eudocimus ruber) (Pelecaniformes, Threskiornithidae) na Baia Babitonga, Santa Catarina",Ph.D.,NA,NA,NA,1,no,0,2015,2017,14,-26.3,-48.79,south,NA,SC,NA,NA,estuary,coastalMarine,continental,breeding_diet,alive,22,1,1,1,ingestion,pellet,1,N,0,0,0,1,0,0,0,0,0,0,0,SampleSize = number of nests sampled.
75,grey,no,"Bopp, TR",2019,pt,Tetrapodes marinhos no sul do Brasil: uma analise construtiva sobre os bancos de dados oriundos das atividades do PMP-BS na regiao centro-sul de Santa Catarina entre 2015 e 2017,M.Sc.,NA,NA,NA,1,no,0,2015,2017,28,-28.02,-48.62,south,NA,SC,NA,NA,sea,coastalMarine,coastal_oceanic,naturalHistory,dead,NA,NA,NA,NA,entanglement,NA,0,Men,0,0,0,0,0,0,0,0,0,0,1,Latitude and Longitude located at Garopaba municipality. Taxonomy not computed as the author just shown an occasional report in his Figure 3 (p. 8).
76,published,NA,Di Beneditto & Siciliano,2021,pt,"Itens alimentares, parasitas e plasticos: notas sobre o conteudo estomacal de aves marinhas no Rio de Janeiro",Brazilian Journal of Development,7:73015-73024,1,NA,NA,yes,0,2009,2010,12,-22.85,-41.98,southeast,NA,RJ,NA,NA,sea,coastalMarine,coastal_oceanic,stomachContent_diet,dead,10,2,2,5,ingestion,stomachContent,0,O_N,0,1,0,1,0,0,0,0,0,0,0,We have placed Latitude and Longitude in RJ state based on Cabo Frio municipality.
77,grey,yes,"Naves, LC",1999,pt,Ecologia alimentar do talha-mar Rhynchops nigra (Aves: Rhynchopidae) na desembocadura da Lagoa dos Patos,M.Sc.,NA,NA,NA,1,no,0,1997,1998,12,-32.13,-52.08,south,NA,RS,NA,NA,estuary_sea,coastalMarine,coastal_oceanic,stomachContent_diet,alive,489,1,1,1,ingestion,pellet_faeces,0,FO,0,0,1,0,0,0,0,0,0,0,0,"Published in Naves & Vooren 2006 (Waterbirds). “Fragmentos de material sintético persistente com tamanho da ordem de milimetros, como fibras e outros pequenos pedaços de plastico tiveram frequencia de ocorrencia de 6,7%” (p.46) - possible microplastic fragments?"
78,published,NA,Ewbank et al.,2020,en,Postmortem findings in Magellanic penguins (Spheniscus magellanicus) caught in a drift gillnet,BMC Veterinary Research,16:153,NA,NA,1,yes,0,2016,2016,1,-27.43,-48.38,south,NA,SC,NA,NA,sea,coastalMarine,coastal,humanInteractions,dead,20,1,1,1,ingestion,stomachContent,1,O_FO,0,1,1,0,0,0,0,0,0,0,0, 
79,published,NA,Vanstreels et al.,2021,en,"Ingestion of plastics and other debris by coastal and pelagic birds along the coast of Espírito Santo, Eastern Brazil",Marine Pollution Bulletin,173:113046,NA,NA,1,yes,1,2019,2021,26,-19.82,-40.05,southeast,NA,ES,NA,NA,freshwater_estuary_sea,coastalMarine,coastal_oceanic,plasticInteraction,dead,126,7,13,19,ingestion,stomachContent,1,Model_O_FO_N_FN_M_S_Col,1,1,1,1,1,1,1,0,1,0,0,"Latitude and Longitude located at municipality of Barra do Riacho, which is roughly in the center of Espirito Santo state. Authors also classified debris based on shape. "
80,published,NA,Gallo-Neto et al.,2021,en,"Mortality of a juvenile Magellanic penguin (Spheniscus magellanicus, Spheniscidae) associated with the ingestion of a PFF-2 protective mask during the Covid-19 pandemic",Marine Pollution Bulletin,166:112232,NA,NA,1,yes,0,2020,2020,10,-23.76,-45.73,southeast,NA,SP,NA,NA,sea,coastalMarine,coastal,plasticInteraction,dead,470,1,1,1,ingestion,stomachContent,0,FO,0,0,1,0,0,0,0,0,0,0,0,"Latitude and Longitude located at Juquehy beach, which is the main case reported in this study (the individual that ingested a PFF face mask). 3M PFF facemasks are made out of synthetic material, thus assumed here as plastic interaction."
81,grey,no,"Ruiz, CMV",2008,es,El Pinguino de Magallanes (Spheniscus magellanicus) como indicador de calidad en salud ambiental: un estudio comparativo ecotoxicologico y de historia natural,M.Sc.,NA,NA,NA,1,yes,0,2006,2007,NA,-22.85,-41.98,southeast,south,RJ,RS,NA,sea,coastalMarine,coastal,humanInteractions,dead,35,1,1,1,ingestion,stomachContent,0,FO_S,0,0,1,0,0,0,1,0,0,0,0,"SampleSize = number of birds that had the stomach contents analysed, just from RJ State. We have placed Latitude and Longitude in RJ state based on Cabo Frio municipality, whereas in RS state we located in in front of Cidreira beach (ID 31a used for this purpose)."
81a,extra_latlon_grey,no,"Ruiz, CMV",2008,NA,El Pinguino de Magallanes (Spheniscus magellanicus) como indicador de calidad en salud ambiental: un estudio comparativo ecotoxicologico y de historia natural,M.Sc.,NA,NA,NA,NA,NA,NA,NA,NA,NA,-30.17,-50.19,NA,NA,NA,NA,NA,NA,NA,NA,NA,NA,NA,NA,NA,NA,NA,NA,NA,NA,NA,NA,NA,NA,NA,NA,NA,NA,NA,NA,NA,ID 81a is only used for mapping purposes. The paper information is in the line above (ID 81). 
82,grey,no,"Silva, IG",2010,pt,"Ingestao dos residuos solidos pelo pinguim-de-Magalhaes (Spheniscus magellanicus) no litoral norte do Rio Grande do Sul, Brasil",B.Sc.,NA,NA,NA,1,yes,0,2009,2010,10,-29.97,-50.11,south,NA,RS,NA,NA,sea,coastalMarine,coastal,plasticInteraction,dead,41,1,1,1,ingestion,stomachContent,1,FO_FN_M_S_V,0,0,1,0,1,1,0,1,1,0,0,"Altought in the authors mention that they measured the debris, they did not present the data. Therefore we did not considered it."
83,grey,no,"Fedrizzi, CE",2008,pt,"Distribuicao, abundancia e ecologia alimentar de aves limicolas (Charadriiformes: Charadrii e Scolopaci) na zona costeira do Rio Grande do Sul, Brasil",Ph.D.,NA,NA,NA,1,no,0,2005,2006,8,-31.29,-50.97,south,NA,RS,NA,NA,estuary_sea,coastalMarine,coastal,stomachContent_diet,alive,113,1,1,1,ingestion,pellet,0,FO_N,0,0,1,1,0,0,0,0,0,0,0,"All data is related to the chapter 3, about ‘Haematopus palliatus’ diet."
84,grey,yes,"Silva-Costa, A",2012,pt,Ecologia alimentar e deslocamento do gaivotao (Larus dominicanus) na planicie costeira do Rio Grande do Sul,M.Sc.,NA,NA,NA,1,yes,0,2010,2011,6,-32.57,-52.5,south,NA,RS,NA,NA,freshwater_sea,coastalMarine,coastal,stomachContent_diet,alive,415,1,1,1,ingestion,pellet,0,O_FO,0,1,1,0,0,0,0,0,0,0,0,Published in Silva-Costa & Bugoni 2013 (Aquatic Ecology) (ID 35).
85,grey,yes,"Marques, FP",2017,pt,Ecologia trofica do pinguim-de-Magalhaes (Spheniscus magellanicus) no sul do Brasil,M.Sc.,NA,NA,NA,1,yes,0,2013,2015,12,-32.13,-52.08,south,NA,RS,NA,NA,sea,coastalMarine,coastal,stomachContent_diet,dead,41,1,1,1,ingestion,stomachContent,1,O_FO_N,0,1,1,1,0,0,0,0,0,0,0,"Published in Marques et al 2018 (Estuarine, Coastal and Shelf Science) (ID 47)."
86,published,NA,Rubock et al.,2022,en,Birds of a feather eat plastic together: high levels of plastic ingestion in Great Shearwater adults and juveniles across their annual migratory cycle,Frontiers in Marine Science,8:719721,NA,NA,1,yes,,2019,2019,NA,-32.13,-52.08,south,NA,RS,NA,NA,sea,coastalMarine,oceanic,stomachContent_diet,dead,13,1,1,1,ingestion,stomachContent,1,FO_N_M_S,0,0,1,1,0,1,1,0,0,0,0,Data based only on the Brazilian sample. 
87,grey,yes,"Krul, R",1999,pt,Interacao de aves marinhas com a pesca de camarao no litoral paranaense,M.Sc.,NA,NA,NA,1,yes,0,1995,1996,6,-25.62,-48.38,south,NA,PR,NA,NA,sea,coastalMarine,coastal,breeding_diet,alive,NA,2,3,3,nest,NA,0,Men,0,0,0,0,0,0,0,0,0,0,1,"Data pooled with more samples and published in Krul 2004 (ID 14). No plastics mentioned in the chapter about diet, so we did not consider it. In the chapter 4, about breeding characteristics, we did not consider ‘Sterna hirundinacea’, as the author provide too brief description; the author does not provide sample size for his nest composition descriptions, so we assign “NA” to information regarding sample size."
88,grey,yes,"Barbosa-Filho, RC",2004,pt,"Abundancia, estrutura etaria e reproducao do atoba-marrom (Sula leucogaster) no Arquipelago de Sao Pedro e Sao Paulo – Brasil",M.Sc.,NA,NA,NA,1,yes,0,2001,2002,6,0.9,-29.34,northeast,NA,PE,NA,NA,sea,coastalMarine,oceanic,breeding,alive,89,1,1,1,nest,NA,0,Men,0,0,0,0,0,0,0,0,0,0,1,Published in Barbosa-Filho & Vooren 2009 (ID 24). Data based on section 4.5 of the thesis (p. 81). SampleSize equals the number of nest which the researcher were able to do the nest measurements.
89,grey,no,"Carvalho, RI",2006,pt,"Ecologia da reproducao do trinta-reis-de-bico-vermelho (Sterna hirundinacea) (Aves – Laridae) na Ilha Deserta – Reserva Biologica do Arvoredo, Santa Catarina – Brasil",B.Sc.,NA,NA,NA,1,yes,0,2006,2006,5,-27.27,-48.35,south,NA,SC,NA,NA,sea,coastalMarine,coastal,breeding,alive,NA,1,1,1,nest,NA,0,Men,0,0,0,0,0,0,0,0,0,0,1,"Although the authors have published the breeding aspects and mentioned the amount of litter (including plastics) on the surroundings of the terns’ colony, they did not mention the use of plastics as nest material (see Hogan et al 2010 Rev Bras Ornitol 18:207–215) – which they do in the Honours thesis (p. 15). Therefore, we kept this reference as ‘unpublished’."
90,grey,no,"Araujo, TRA",2012,pt,Analise da dieta de pinguim-de-Magalhaes (Spheniscus magellanicus) no litoral norte de Santa Catarina,B.Sc.,NA,NA,NA,1,yes,0,2006,2011,NA,-26.23,-48.5,south,NA,SC,NA,NA,sea,coastalMarine,coastal,stomachContent_diet,dead,18,1,1,1,ingestion,stomachContent,0,Men,0,0,0,0,0,0,0,0,0,0,1,
91,published,NA,Lima et al.,2017,pt,"Aves marinhas da regiao centro-norte fluminense: riqueza, composicao, distribuicao, sazonalidade e conservacao",Book chapter – in Reis & Curbelo-Fernandez (Eds.),"Chapter 7, p. 161-187",NA,NA,1,yes,0,2009,2010,12,-22.85,-41.98,southeast,NA,RJ,NA,NA,sea,coastalMarine,coastal_oceanic,occasionalReport,alive_dead,NA,NA,NA,NA,entanglement,NA,0,Men,0,0,0,0,0,0,0,0,0,0,1,Taxonomy not computed as the author just mention an occasional report of entanglement. ISBN 978-85-352-7661-9
92,grey,no,"Zarzur, S",1995,pt,"Alimentacao e ingestao de plasticos nos Procellariiformes (albatrozes e petreis) encontrados na Praia do Cassino, Rio Grande, RS",B.Sc.,NA,NA,NA,1,yes,0,1982,1995,NA,-32.13,-52.08,south,NA,RS,NA,NA,sea,coastalMarine,oceanic,plasticInteraction,dead,139,1,2,15,ingestion,stomachContent,1,O_FO_N_S_Col,0,1,1,1,0,0,1,0,1,0,0,"The authors provide number of pieces per species. Noteworthy, they also report range for Number and Size."
93,grey,no,"Kohlrausch, AB",2003,pt,"Biologia reprodutiva, comportamento e ecologia de atobas (Sulidae): implicacoes para a evolucao do dimorfismo sexual no tamanho",Ph.D.,NA,NA,NA,1,yes,0,1999,2002,6,0.9,-29.34,northeast,NA,PE,RN,NA,sea,coastalMarine,oceanic,breeding,alive,858,1,1,2,nest,NA,0,Men,0,0,0,0,0,0,0,0,0,0,1,"The authors mention the use of anthropic material as nest material in Chapter 2, Table 1 (p. 37). SampleSize equals to all nest investigated (based o Ch. 2, Table 1)."
93a,extra_latlon_grey,no,"Kohlrausch, AB",2003,NA,"Biologia reprodutiva, comportamento e ecologia de atobas (Sulidae): implicacoes para a evolucao do dimorfismo sexual no tamanho",Ph.D.,NA,NA,NA,NA,NA,NA,NA,NA,NA,-3.86,-33.81,NA,NA,NA,NA,NA,NA,NA,NA,NA,NA,NA,NA,NA,NA,NA,NA,NA,NA,NA,NA,NA,NA,NA,NA,NA,NA,NA,NA,NA,ID 93a is only used for mapping purposes. The thesis information is in the line above (ID 93). 
94,published,NA,Soares & Schiefler,1995,pt,"Reproducao de Larus dominicanus (Aves, Laridae), na Ilhota da Galheta, Laguna, SC, Brasil",Arquivos de Biologia e Tecnologia,38:313-316,NA,NA,1,yes,0,1992,1993,12,-28.54,-48.76,south,NA,SC,NA,NA,sea,coastalMarine,coastal,breeding,alive,107,1,1,1,nest,NA,0,Men,0,0,0,0,0,0,0,0,0,0,1,"The authors mention ""a piece of shoelace"" in a nest, which we considered valid. By the '90s, shoelaces could be made of synthetic material and/or, at least, the tip of the shoelace could have been made out of plastic. SampleSize defined as the maximum nests recorded at once, therefore subestimated (the authors do not report sample size, as it’s just a mention on nest materials)."
95,published,NA,Nascimento et al.,2022,pt,"Prevalencia e tipos de plasticos em albatrozes e petreis (Aves: Procellariiformes): recorte espacial da costa sudeste e sul do Brasil, de 2015 a 2019",Biodiversidade Brasileira,12:15-24,NA,NA,1,yes,1,2015,2019,NA,-27.6,-48.43,south,NA,SC,NA,NA,sea,coastalMarine,oceanic,plasticInteraction,dead,,1,3,9,ingestion,stomachContent,1,FO_S,0,0,1,0,0,0,1,0,0,0,0,
95a,extra_latlon_pub,NA,Nascimento et al.,2022,NA,"Prevalencia e tipos de plasticos em albatrozes e petreis (Aves: Procellariiformes): recorte espacial da costa sudeste e sul do Brasil, de 2015 a 2019",Biodiversidade Brasileira,NA,NA,NA,NA,NA,NA,NA,NA,NA,-31.76,-48.5,NA,NA,NA,NA,NA,NA,NA,NA,NA,NA,NA,NA,NA,NA,NA,NA,NA,NA,NA,NA,NA,NA,NA,NA,NA,NA,NA,NA,NA,"ID 95a is only used for mapping purposes. The paper information is in the line above (ID 95). We used the same offshore point already picked up before as consistency, given that the longline fleet is the same."
96,published,NA,Costa et al.,2022,en,Comparing photography and collection methods to sample litter in seabird nests in a coastal archipelago in the Southwest Atlantic,Marine Pollution Bulletin,175:113357,NA,NA,1,yes,0,2018,2018,9,-22.41,-41.7,southeast,NA,RJ,NA,NA,sea,coastalMarine,coastal,plasticInteraction,alive,195,1,1,1,nest,NA,1,,0,0,1,1,0,0,0,0,1,0,0,
97,published,NA,Bege & Pauli,1989,pt,"As aves nas ilhas de Santa Catarina—aspectos da ecologia, etologia e anilhamento de aves marinhas",Book,NA,NA,NA,1,yes,0,1981,1989,14,-27.85,-48.43,south,NA,SC,NA,NA,sea,coastalMarine,coastal,naturalHistory,alive,NA,NA,NA,NA,nest,NA,NA,Men,0,0,0,0,0,0,0,0,0,0,1,"As this study is sort of an ‘species account’, and they just mentioned the use of plastic by birds, we did not consider aspects of ‘taxonomy’ (analysed/not analysed). “Muitas vezes sao encontradas, nas proximidades dos ninhos, fios de nylon e pequenos frascos plasticos, provavelmente recolhidos da superficie do mar’ (pp. 40 – Fregata magnificens)."
98,published_double,NA,Colabuono & Vooren,2006,pt,Diet of Black-browed Thalassarche melanophrys and Atlantic Yellow-nosed T. chlororhynchos albatrosses and White-chinned Procellaria aequinoctialis and Spectacled P. conspicillata petrels off souther Brazil,Book chapter – in Neves et al (Eds) REVIZEE,"Chapter 4, p. 83-102",NA,NA,1,yes,0,1994,2004,120,-32.49,-50.99,south,NA,RS,NA,NA,sea,coastalMarine,oceanic,stomachContent_diet,dead,126,1,2,4,ingestion,stomachContent,1,FO_N,0,0,1,1,0,0,0,0,0,0,0,"The same data were, subsequently, published in a a peer-reviewed journal (ID 19), therefore we did not include this reference in the analysis."
